﻿<?xml version="1.0" encoding="utf-8"?>
<TextureAtlas imagePath="Pico_FNF_assetss.png">
	<!-- Created with Adobe Animate version 19.0.0.326 -->
	<!-- http://www.adobe.com/products/animate.html -->
	<SubTexture name="Pico Down Note0000" x="0" y="0" width="602" height="382" frameX="-12" frameY="-9" frameWidth="614" frameHeight="392"/>
	<SubTexture name="Pico Down Note0001" x="0" y="0" width="602" height="382" frameX="-12" frameY="-9" frameWidth="614" frameHeight="392"/>
	<SubTexture name="Pico Down Note0002" x="602" y="0" width="380" height="392" frameX="0" frameY="0" frameWidth="614" frameHeight="392"/>
	<SubTexture name="Pico Down Note0003" x="602" y="0" width="380" height="392" frameX="0" frameY="0" frameWidth="614" frameHeight="392"/>
	<SubTexture name="Pico Down Note0004" x="602" y="0" width="380" height="392" frameX="0" frameY="0" frameWidth="614" frameHeight="392"/>
	<SubTexture name="Pico Down Note0005" x="602" y="0" width="380" height="392" frameX="0" frameY="0" frameWidth="614" frameHeight="392"/>
	<SubTexture name="Pico Down Note0006" x="602" y="0" width="380" height="392" frameX="0" frameY="0" frameWidth="614" frameHeight="392"/>
	<SubTexture name="Pico Down Note0007" x="602" y="0" width="380" height="392" frameX="0" frameY="0" frameWidth="614" frameHeight="392"/>
	<SubTexture name="Pico Down Note0008" x="602" y="0" width="380" height="392" frameX="0" frameY="0" frameWidth="614" frameHeight="392"/>
	<SubTexture name="Pico Down Note0009" x="602" y="0" width="380" height="392" frameX="0" frameY="0" frameWidth="614" frameHeight="392"/>
	<SubTexture name="Pico Down Note0010" x="602" y="0" width="380" height="392" frameX="0" frameY="0" frameWidth="614" frameHeight="392"/>
	<SubTexture name="Pico Down Note MISS0000" x="982" y="0" width="602" height="382" frameX="-131" frameY="-52" frameWidth="733" frameHeight="434"/>
	<SubTexture name="Pico Down Note MISS0001" x="0" y="392" width="495" height="432" frameX="-2" frameY="0" frameWidth="733" frameHeight="434"/>
	<SubTexture name="Pico Down Note MISS0002" x="0" y="392" width="495" height="432" frameX="-2" frameY="0" frameWidth="733" frameHeight="434"/>
	<SubTexture name="Pico Down Note MISS0003" x="495" y="392" width="499" height="426" frameX="0" frameY="-6" frameWidth="733" frameHeight="434"/>
	<SubTexture name="Pico Down Note MISS0004" x="495" y="392" width="499" height="426" frameX="0" frameY="-6" frameWidth="733" frameHeight="434"/>
	<SubTexture name="Pico Down Note MISS0005" x="994" y="392" width="499" height="426" frameX="0" frameY="-6" frameWidth="733" frameHeight="434"/>
	<SubTexture name="Pico Down Note MISS0006" x="994" y="392" width="499" height="426" frameX="0" frameY="-6" frameWidth="733" frameHeight="434"/>
	<SubTexture name="Pico Down Note MISS0007" x="495" y="392" width="499" height="426" frameX="0" frameY="-6" frameWidth="733" frameHeight="434"/>
	<SubTexture name="Pico Down Note MISS0008" x="495" y="392" width="499" height="426" frameX="0" frameY="-6" frameWidth="733" frameHeight="434"/>
	<SubTexture name="Pico Down Note MISS0009" x="994" y="392" width="499" height="426" frameX="0" frameY="-6" frameWidth="733" frameHeight="434"/>
	<SubTexture name="Pico Down Note MISS0010" x="994" y="392" width="499" height="426" frameX="0" frameY="-6" frameWidth="733" frameHeight="434"/>
	<SubTexture name="Pico Down Note MISS0011" x="495" y="392" width="499" height="426" frameX="0" frameY="-6" frameWidth="733" frameHeight="434"/>
	<SubTexture name="Pico Down Note MISS0012" x="495" y="392" width="499" height="426" frameX="0" frameY="-6" frameWidth="733" frameHeight="434"/>
	<SubTexture name="Pico Down Note MISS0013" x="994" y="392" width="499" height="426" frameX="0" frameY="-6" frameWidth="733" frameHeight="434"/>
	<SubTexture name="Pico Down Note MISS0014" x="994" y="392" width="499" height="426" frameX="0" frameY="-6" frameWidth="733" frameHeight="434"/>
	<SubTexture name="Pico Down Note MISS0015" x="495" y="392" width="499" height="426" frameX="0" frameY="-6" frameWidth="733" frameHeight="434"/>
	<SubTexture name="Pico Down Note MISS0016" x="495" y="392" width="499" height="426" frameX="0" frameY="-6" frameWidth="733" frameHeight="434"/>
	<SubTexture name="Pico Down Note MISS0017" x="994" y="392" width="499" height="426" frameX="0" frameY="-6" frameWidth="733" frameHeight="434"/>
	<SubTexture name="Pico Down Note MISS0018" x="994" y="392" width="499" height="426" frameX="0" frameY="-6" frameWidth="733" frameHeight="434"/>
	<SubTexture name="Pico Down Note MISS0019" x="495" y="392" width="499" height="426" frameX="0" frameY="-6" frameWidth="733" frameHeight="434"/>
	<SubTexture name="Pico Down Note MISS0020" x="495" y="392" width="499" height="426" frameX="0" frameY="-6" frameWidth="733" frameHeight="434"/>
	<SubTexture name="Pico Down Note MISS0021" x="994" y="392" width="499" height="426" frameX="0" frameY="-6" frameWidth="733" frameHeight="434"/>
	<SubTexture name="Pico Down Note MISS0022" x="994" y="392" width="499" height="426" frameX="0" frameY="-6" frameWidth="733" frameHeight="434"/>
	<SubTexture name="Pico Down Note MISS0023" x="495" y="392" width="499" height="426" frameX="0" frameY="-6" frameWidth="733" frameHeight="434"/>
	<SubTexture name="Pico Down Note MISS0024" x="495" y="392" width="499" height="426" frameX="0" frameY="-6" frameWidth="733" frameHeight="434"/>
	<SubTexture name="Pico Idle Dance0000" x="1493" y="392" width="413" height="461" frameX="0" frameY="-13" frameWidth="413" frameHeight="475"/>
	<SubTexture name="Pico Idle Dance0001" x="1493" y="392" width="413" height="461" frameX="0" frameY="-13" frameWidth="413" frameHeight="475"/>
	<SubTexture name="Pico Idle Dance0002" x="0" y="853" width="410" height="468" frameX="-3" frameY="-6" frameWidth="413" frameHeight="475"/>
	<SubTexture name="Pico Idle Dance0003" x="0" y="853" width="410" height="468" frameX="-3" frameY="-6" frameWidth="413" frameHeight="475"/>
	<SubTexture name="Pico Idle Dance0004" x="410" y="853" width="409" height="469" frameX="0" frameY="-6" frameWidth="413" frameHeight="475"/>
	<SubTexture name="Pico Idle Dance0005" x="819" y="853" width="405" height="469" frameX="0" frameY="-6" frameWidth="413" frameHeight="475"/>
	<SubTexture name="Pico Idle Dance0006" x="1224" y="853" width="405" height="474" frameX="0" frameY="-1" frameWidth="413" frameHeight="475"/>
	<SubTexture name="Pico Idle Dance0007" x="1629" y="853" width="403" height="474" frameX="0" frameY="-1" frameWidth="413" frameHeight="475"/>
	<SubTexture name="Pico Idle Dance0008" x="0" y="1327" width="403" height="475" frameX="0" frameY="0" frameWidth="413" frameHeight="475"/>
	<SubTexture name="Pico Idle Dance0009" x="0" y="1327" width="403" height="475" frameX="0" frameY="0" frameWidth="413" frameHeight="475"/>
	<SubTexture name="Pico Idle Dance0010" x="0" y="1327" width="403" height="475" frameX="0" frameY="0" frameWidth="413" frameHeight="475"/>
	<SubTexture name="Pico Idle Dance0011" x="0" y="1327" width="403" height="475" frameX="0" frameY="0" frameWidth="413" frameHeight="475"/>
	<SubTexture name="Pico Idle Dance0012" x="0" y="1327" width="403" height="475" frameX="0" frameY="0" frameWidth="413" frameHeight="475"/>
	<SubTexture name="Pico Idle Dance0013" x="0" y="1327" width="403" height="475" frameX="0" frameY="0" frameWidth="413" frameHeight="475"/>
	<SubTexture name="Pico NOTE LEFT0000" x="403" y="1327" width="329" height="462" frameX="-6" frameY="-2" frameWidth="335" frameHeight="464"/>
	<SubTexture name="Pico NOTE LEFT0001" x="403" y="1327" width="329" height="462" frameX="-6" frameY="-2" frameWidth="335" frameHeight="464"/>
	<SubTexture name="Pico NOTE LEFT0002" x="732" y="1327" width="335" height="464"/>
	<SubTexture name="Pico NOTE LEFT0003" x="732" y="1327" width="335" height="464"/>
	<SubTexture name="Pico NOTE LEFT0004" x="732" y="1327" width="335" height="464"/>
	<SubTexture name="Pico NOTE LEFT0005" x="732" y="1327" width="335" height="464"/>
	<SubTexture name="Pico NOTE LEFT0006" x="732" y="1327" width="335" height="464"/>
	<SubTexture name="Pico NOTE LEFT0007" x="732" y="1327" width="335" height="464"/>
	<SubTexture name="Pico NOTE LEFT0008" x="732" y="1327" width="335" height="464"/>
	<SubTexture name="Pico NOTE LEFT0009" x="732" y="1327" width="335" height="464"/>
	<SubTexture name="Pico NOTE LEFT0010" x="732" y="1327" width="335" height="464"/>
	<SubTexture name="Pico NOTE LEFT0011" x="732" y="1327" width="335" height="464"/>
	<SubTexture name="Pico NOTE LEFT0012" x="732" y="1327" width="335" height="464"/>
	<SubTexture name="Pico NOTE LEFT0013" x="732" y="1327" width="335" height="464"/>
	<SubTexture name="Pico NOTE LEFT0014" x="732" y="1327" width="335" height="464"/>
	<SubTexture name="Pico NOTE LEFT0015" x="732" y="1327" width="335" height="464"/>
	<SubTexture name="Pico NOTE LEFT0016" x="732" y="1327" width="335" height="464"/>
	<SubTexture name="Pico NOTE LEFT miss0000" x="1067" y="1327" width="329" height="462" frameX="-126" frameY="-37" frameWidth="461" frameHeight="500"/>
	<SubTexture name="Pico NOTE LEFT miss0001" x="1396" y="1327" width="459" height="500" frameX="-2" frameY="0" frameWidth="461" frameHeight="500"/>
	<SubTexture name="Pico NOTE LEFT miss0002" x="1396" y="1327" width="459" height="500" frameX="-2" frameY="0" frameWidth="461" frameHeight="500"/>
	<SubTexture name="Pico NOTE LEFT miss0003" x="0" y="1827" width="460" height="500" frameX="0" frameY="0" frameWidth="461" frameHeight="500"/>
	<SubTexture name="Pico NOTE LEFT miss0004" x="0" y="1827" width="460" height="500" frameX="0" frameY="0" frameWidth="461" frameHeight="500"/>
	<SubTexture name="Pico NOTE LEFT miss0005" x="460" y="1827" width="460" height="500" frameX="0" frameY="0" frameWidth="461" frameHeight="500"/>
	<SubTexture name="Pico NOTE LEFT miss0006" x="460" y="1827" width="460" height="500" frameX="0" frameY="0" frameWidth="461" frameHeight="500"/>
	<SubTexture name="Pico NOTE LEFT miss0007" x="0" y="1827" width="460" height="500" frameX="0" frameY="0" frameWidth="461" frameHeight="500"/>
	<SubTexture name="Pico NOTE LEFT miss0008" x="0" y="1827" width="460" height="500" frameX="0" frameY="0" frameWidth="461" frameHeight="500"/>
	<SubTexture name="Pico NOTE LEFT miss0009" x="460" y="1827" width="460" height="500" frameX="0" frameY="0" frameWidth="461" frameHeight="500"/>
	<SubTexture name="Pico NOTE LEFT miss0010" x="460" y="1827" width="460" height="500" frameX="0" frameY="0" frameWidth="461" frameHeight="500"/>
	<SubTexture name="Pico NOTE LEFT miss0011" x="0" y="1827" width="460" height="500" frameX="0" frameY="0" frameWidth="461" frameHeight="500"/>
	<SubTexture name="Pico NOTE LEFT miss0012" x="0" y="1827" width="460" height="500" frameX="0" frameY="0" frameWidth="461" frameHeight="500"/>
	<SubTexture name="Pico NOTE LEFT miss0013" x="460" y="1827" width="460" height="500" frameX="0" frameY="0" frameWidth="461" frameHeight="500"/>
	<SubTexture name="Pico NOTE LEFT miss0014" x="460" y="1827" width="460" height="500" frameX="0" frameY="0" frameWidth="461" frameHeight="500"/>
	<SubTexture name="Pico NOTE LEFT miss0015" x="0" y="1827" width="460" height="500" frameX="0" frameY="0" frameWidth="461" frameHeight="500"/>
	<SubTexture name="Pico NOTE LEFT miss0016" x="0" y="1827" width="460" height="500" frameX="0" frameY="0" frameWidth="461" frameHeight="500"/>
	<SubTexture name="Pico NOTE LEFT miss0017" x="460" y="1827" width="460" height="500" frameX="0" frameY="0" frameWidth="461" frameHeight="500"/>
	<SubTexture name="Pico NOTE LEFT miss0018" x="460" y="1827" width="460" height="500" frameX="0" frameY="0" frameWidth="461" frameHeight="500"/>
	<SubTexture name="Pico NOTE LEFT miss0019" x="0" y="1827" width="460" height="500" frameX="0" frameY="0" frameWidth="461" frameHeight="500"/>
	<SubTexture name="Pico NOTE LEFT miss0020" x="0" y="1827" width="460" height="500" frameX="0" frameY="0" frameWidth="461" frameHeight="500"/>
	<SubTexture name="Pico NOTE LEFT miss0021" x="460" y="1827" width="460" height="500" frameX="0" frameY="0" frameWidth="461" frameHeight="500"/>
	<SubTexture name="Pico NOTE LEFT miss0022" x="460" y="1827" width="460" height="500" frameX="0" frameY="0" frameWidth="461" frameHeight="500"/>
	<SubTexture name="Pico NOTE LEFT miss0023" x="0" y="1827" width="460" height="500" frameX="0" frameY="0" frameWidth="461" frameHeight="500"/>
	<SubTexture name="Pico NOTE LEFT miss0024" x="0" y="1827" width="460" height="500" frameX="0" frameY="0" frameWidth="461" frameHeight="500"/>
	<SubTexture name="Pico Note Right0000" x="920" y="1827" width="458" height="476" frameX="-1" frameY="0" frameWidth="459" frameHeight="476"/>
	<SubTexture name="Pico Note Right0001" x="920" y="1827" width="458" height="476" frameX="-1" frameY="0" frameWidth="459" frameHeight="476"/>
	<SubTexture name="Pico Note Right0002" x="1378" y="1827" width="442" height="473" frameX="0" frameY="-3" frameWidth="459" frameHeight="476"/>
	<SubTexture name="Pico Note Right0003" x="1378" y="1827" width="442" height="473" frameX="0" frameY="-3" frameWidth="459" frameHeight="476"/>
	<SubTexture name="Pico Note Right0004" x="1378" y="1827" width="442" height="473" frameX="0" frameY="-3" frameWidth="459" frameHeight="476"/>
	<SubTexture name="Pico Note Right0005" x="1378" y="1827" width="442" height="473" frameX="0" frameY="-3" frameWidth="459" frameHeight="476"/>
	<SubTexture name="Pico Note Right0006" x="1378" y="1827" width="442" height="473" frameX="0" frameY="-3" frameWidth="459" frameHeight="476"/>
	<SubTexture name="Pico Note Right0007" x="1378" y="1827" width="442" height="473" frameX="0" frameY="-3" frameWidth="459" frameHeight="476"/>
	<SubTexture name="Pico Note Right0008" x="1378" y="1827" width="442" height="473" frameX="0" frameY="-3" frameWidth="459" frameHeight="476"/>
	<SubTexture name="Pico Note Right0009" x="1378" y="1827" width="442" height="473" frameX="0" frameY="-3" frameWidth="459" frameHeight="476"/>
	<SubTexture name="Pico Note Right0010" x="1378" y="1827" width="442" height="473" frameX="0" frameY="-3" frameWidth="459" frameHeight="476"/>
	<SubTexture name="Pico Note Right0011" x="1378" y="1827" width="442" height="473" frameX="0" frameY="-3" frameWidth="459" frameHeight="476"/>
	<SubTexture name="Pico Note Right0012" x="1378" y="1827" width="442" height="473" frameX="0" frameY="-3" frameWidth="459" frameHeight="476"/>
	<SubTexture name="Pico Note Right0013" x="1378" y="1827" width="442" height="473" frameX="0" frameY="-3" frameWidth="459" frameHeight="476"/>
	<SubTexture name="Pico Note Right0014" x="1378" y="1827" width="442" height="473" frameX="0" frameY="-3" frameWidth="459" frameHeight="476"/>
	<SubTexture name="Pico Note Right0015" x="1378" y="1827" width="442" height="473" frameX="0" frameY="-3" frameWidth="459" frameHeight="476"/>
	<SubTexture name="Pico Note Right0016" x="1378" y="1827" width="442" height="473" frameX="0" frameY="-3" frameWidth="459" frameHeight="476"/>
	<SubTexture name="Pico Note Right Miss0000" x="0" y="2327" width="458" height="476" frameX="-11" frameY="-46" frameWidth="469" frameHeight="522"/>
	<SubTexture name="Pico Note Right Miss0001" x="458" y="2327" width="443" height="522" frameX="0" frameY="0" frameWidth="469" frameHeight="522"/>
	<SubTexture name="Pico Note Right Miss0002" x="458" y="2327" width="443" height="522" frameX="0" frameY="0" frameWidth="469" frameHeight="522"/>
	<SubTexture name="Pico Note Right Miss0003" x="901" y="2327" width="445" height="522" frameX="-1" frameY="0" frameWidth="469" frameHeight="522"/>
	<SubTexture name="Pico Note Right Miss0004" x="901" y="2327" width="445" height="522" frameX="-1" frameY="0" frameWidth="469" frameHeight="522"/>
	<SubTexture name="Pico Note Right Miss0005" x="1346" y="2327" width="445" height="522" frameX="-1" frameY="0" frameWidth="469" frameHeight="522"/>
	<SubTexture name="Pico Note Right Miss0006" x="1346" y="2327" width="445" height="522" frameX="-1" frameY="0" frameWidth="469" frameHeight="522"/>
	<SubTexture name="Pico Note Right Miss0007" x="901" y="2327" width="445" height="522" frameX="-1" frameY="0" frameWidth="469" frameHeight="522"/>
	<SubTexture name="Pico Note Right Miss0008" x="901" y="2327" width="445" height="522" frameX="-1" frameY="0" frameWidth="469" frameHeight="522"/>
	<SubTexture name="Pico Note Right Miss0009" x="1346" y="2327" width="445" height="522" frameX="-1" frameY="0" frameWidth="469" frameHeight="522"/>
	<SubTexture name="Pico Note Right Miss0010" x="1346" y="2327" width="445" height="522" frameX="-1" frameY="0" frameWidth="469" frameHeight="522"/>
	<SubTexture name="Pico Note Right Miss0011" x="901" y="2327" width="445" height="522" frameX="-1" frameY="0" frameWidth="469" frameHeight="522"/>
	<SubTexture name="Pico Note Right Miss0012" x="901" y="2327" width="445" height="522" frameX="-1" frameY="0" frameWidth="469" frameHeight="522"/>
	<SubTexture name="Pico Note Right Miss0013" x="1346" y="2327" width="445" height="522" frameX="-1" frameY="0" frameWidth="469" frameHeight="522"/>
	<SubTexture name="Pico Note Right Miss0014" x="1346" y="2327" width="445" height="522" frameX="-1" frameY="0" frameWidth="469" frameHeight="522"/>
	<SubTexture name="Pico Note Right Miss0015" x="901" y="2327" width="445" height="522" frameX="-1" frameY="0" frameWidth="469" frameHeight="522"/>
	<SubTexture name="Pico Note Right Miss0016" x="901" y="2327" width="445" height="522" frameX="-1" frameY="0" frameWidth="469" frameHeight="522"/>
	<SubTexture name="Pico Note Right Miss0017" x="1346" y="2327" width="445" height="522" frameX="-1" frameY="0" frameWidth="469" frameHeight="522"/>
	<SubTexture name="Pico Note Right Miss0018" x="1346" y="2327" width="445" height="522" frameX="-1" frameY="0" frameWidth="469" frameHeight="522"/>
	<SubTexture name="Pico Note Right Miss0019" x="901" y="2327" width="445" height="522" frameX="-1" frameY="0" frameWidth="469" frameHeight="522"/>
	<SubTexture name="Pico Note Right Miss0020" x="901" y="2327" width="445" height="522" frameX="-1" frameY="0" frameWidth="469" frameHeight="522"/>
	<SubTexture name="Pico Note Right Miss0021" x="1346" y="2327" width="445" height="522" frameX="-1" frameY="0" frameWidth="469" frameHeight="522"/>
	<SubTexture name="Pico Note Right Miss0022" x="1346" y="2327" width="445" height="522" frameX="-1" frameY="0" frameWidth="469" frameHeight="522"/>
	<SubTexture name="Pico Note Right Miss0023" x="901" y="2327" width="445" height="522" frameX="-1" frameY="0" frameWidth="469" frameHeight="522"/>
	<SubTexture name="Pico Note Right Miss0024" x="901" y="2327" width="445" height="522" frameX="-1" frameY="0" frameWidth="469" frameHeight="522"/>
	<SubTexture name="pico Up note0000" x="0" y="2849" width="366" height="495" frameX="-7" frameY="0" frameWidth="374" frameHeight="495"/>
	<SubTexture name="pico Up note0001" x="0" y="2849" width="366" height="495" frameX="-7" frameY="0" frameWidth="374" frameHeight="495"/>
	<SubTexture name="pico Up note0002" x="366" y="2849" width="374" height="490" frameX="0" frameY="-5" frameWidth="374" frameHeight="495"/>
	<SubTexture name="pico Up note0003" x="366" y="2849" width="374" height="490" frameX="0" frameY="-5" frameWidth="374" frameHeight="495"/>
	<SubTexture name="pico Up note0004" x="366" y="2849" width="374" height="490" frameX="0" frameY="-5" frameWidth="374" frameHeight="495"/>
	<SubTexture name="pico Up note0005" x="366" y="2849" width="374" height="490" frameX="0" frameY="-5" frameWidth="374" frameHeight="495"/>
	<SubTexture name="pico Up note0006" x="366" y="2849" width="374" height="490" frameX="0" frameY="-5" frameWidth="374" frameHeight="495"/>
	<SubTexture name="pico Up note0007" x="366" y="2849" width="374" height="490" frameX="0" frameY="-5" frameWidth="374" frameHeight="495"/>
	<SubTexture name="pico Up note0008" x="366" y="2849" width="374" height="490" frameX="0" frameY="-5" frameWidth="374" frameHeight="495"/>
	<SubTexture name="pico Up note0009" x="366" y="2849" width="374" height="490" frameX="0" frameY="-5" frameWidth="374" frameHeight="495"/>
	<SubTexture name="pico Up note0010" x="366" y="2849" width="374" height="490" frameX="0" frameY="-5" frameWidth="374" frameHeight="495"/>
	<SubTexture name="pico Up note0011" x="366" y="2849" width="374" height="490" frameX="0" frameY="-5" frameWidth="374" frameHeight="495"/>
	<SubTexture name="pico Up note0012" x="366" y="2849" width="374" height="490" frameX="0" frameY="-5" frameWidth="374" frameHeight="495"/>
	<SubTexture name="pico Up note0013" x="366" y="2849" width="374" height="490" frameX="0" frameY="-5" frameWidth="374" frameHeight="495"/>
	<SubTexture name="pico Up note miss0000" x="740" y="2849" width="366" height="495" frameX="-74" frameY="-36" frameWidth="451" frameHeight="531"/>
	<SubTexture name="pico Up note miss0001" x="1106" y="2849" width="451" height="526" frameX="0" frameY="-4" frameWidth="451" frameHeight="531"/>
	<SubTexture name="pico Up note miss0002" x="1106" y="2849" width="451" height="526" frameX="0" frameY="-4" frameWidth="451" frameHeight="531"/>
	<SubTexture name="pico Up note miss0003" x="1557" y="2849" width="444" height="530" frameX="-4" frameY="0" frameWidth="451" frameHeight="531"/>
	<SubTexture name="pico Up note miss0004" x="1557" y="2849" width="444" height="530" frameX="-4" frameY="0" frameWidth="451" frameHeight="531"/>
	<SubTexture name="pico Up note miss0005" x="0" y="3379" width="444" height="530" frameX="-4" frameY="0" frameWidth="451" frameHeight="531"/>
	<SubTexture name="pico Up note miss0006" x="0" y="3379" width="444" height="530" frameX="-4" frameY="0" frameWidth="451" frameHeight="531"/>
	<SubTexture name="pico Up note miss0007" x="1557" y="2849" width="444" height="530" frameX="-4" frameY="0" frameWidth="451" frameHeight="531"/>
	<SubTexture name="pico Up note miss0008" x="1557" y="2849" width="444" height="530" frameX="-4" frameY="0" frameWidth="451" frameHeight="531"/>
	<SubTexture name="pico Up note miss0009" x="0" y="3379" width="444" height="530" frameX="-4" frameY="0" frameWidth="451" frameHeight="531"/>
	<SubTexture name="pico Up note miss0010" x="0" y="3379" width="444" height="530" frameX="-4" frameY="0" frameWidth="451" frameHeight="531"/>
	<SubTexture name="pico Up note miss0011" x="1557" y="2849" width="444" height="530" frameX="-4" frameY="0" frameWidth="451" frameHeight="531"/>
	<SubTexture name="pico Up note miss0012" x="1557" y="2849" width="444" height="530" frameX="-4" frameY="0" frameWidth="451" frameHeight="531"/>
	<SubTexture name="pico Up note miss0013" x="0" y="3379" width="444" height="530" frameX="-4" frameY="0" frameWidth="451" frameHeight="531"/>
	<SubTexture name="pico Up note miss0014" x="0" y="3379" width="444" height="530" frameX="-4" frameY="0" frameWidth="451" frameHeight="531"/>
	<SubTexture name="pico Up note miss0015" x="1557" y="2849" width="444" height="530" frameX="-4" frameY="0" frameWidth="451" frameHeight="531"/>
	<SubTexture name="pico Up note miss0016" x="1557" y="2849" width="444" height="530" frameX="-4" frameY="0" frameWidth="451" frameHeight="531"/>
	<SubTexture name="pico Up note miss0017" x="0" y="3379" width="444" height="530" frameX="-4" frameY="0" frameWidth="451" frameHeight="531"/>
	<SubTexture name="pico Up note miss0018" x="0" y="3379" width="444" height="530" frameX="-4" frameY="0" frameWidth="451" frameHeight="531"/>
	<SubTexture name="pico Up note miss0019" x="1557" y="2849" width="444" height="530" frameX="-4" frameY="0" frameWidth="451" frameHeight="531"/>
	<SubTexture name="pico Up note miss0020" x="1557" y="2849" width="444" height="530" frameX="-4" frameY="0" frameWidth="451" frameHeight="531"/>
	<SubTexture name="pico Up note miss0021" x="0" y="3379" width="444" height="530" frameX="-4" frameY="0" frameWidth="451" frameHeight="531"/>
	<SubTexture name="pico Up note miss0022" x="0" y="3379" width="444" height="530" frameX="-4" frameY="0" frameWidth="451" frameHeight="531"/>
	<SubTexture name="pico Up note miss0023" x="1557" y="2849" width="444" height="530" frameX="-4" frameY="0" frameWidth="451" frameHeight="531"/>
	<SubTexture name="pico Up note miss0024" x="1557" y="2849" width="444" height="530" frameX="-4" frameY="0" frameWidth="451" frameHeight="531"/>
</TextureAtlas>
